{
    "providers": [
        {
            "type": "bitmap",
            "file": "minecraft:font/fire_class_icon.png",
            "ascent": 8,
            "height": 9,
            "chars": [
                "\uE000"
            ]
        },
        {
            "type": "bitmap",
            "file": "minecraft:font/ice_class_icon.png",
            "ascent": 8,
            "height": 9,
            "chars": [
                "\uE001"
            ]
        },
        {
            "type": "bitmap",
            "file": "minecraft:font/ender_class_icon.png",
            "ascent": 8,
            "height": 9,
            "chars": [
                "\uE002"
            ]
        },
        {
            "type": "bitmap",
            "file": "minecraft:font/nature_class_icon.png",
            "ascent": 8,
            "height": 9,
            "chars": [
                "\uE003"
            ]
        },
        {
            "type": "bitmap",
            "file": "minecraft:font/blood_class_icon.png",
            "ascent": 8,
            "height": 9,
            "chars": [
                "\uE004"
            ]
        },
        {
            "type": "bitmap",
            "file": "minecraft:font/lightning_class_icon.png",
            "ascent": 8,
            "height": 9,
            "chars": [
                "\uE005"
            ]
        },
        {
            "type": "bitmap",
            "file": "minecraft:font/holy_class_icon.png",
            "ascent": 8,
            "height": 9,
            "chars": [
                "\uE006"
            ]
        },
        {
            "type": "bitmap",
            "file": "minecraft:font/evocation_class_icon.png",
            "ascent": 8,
            "height": 9,
            "chars": [
                "\uE007"
            ]
        }
    ]
}